terms,effects,isFixed
X2_1,0.14256717215945436,1
X2_2,3.8592642188166586,1
X2_3,3.1494083740268373,1
X2_4,6.237809981990267,1
X3_X3,1.0594004846680924,1
Animal_a1,-0.44439499434921714,0
Animal_a2,0.4443940502809305,0
Animal_a3,-0.6117786076477394,0
Animal_a4,-0.15763506316813647,0
Animal_a5,-0.5708094669311947,0
Animal_a6,-0.7526991925836306,0
Animal_a7,-0.04215470497335971,0
Animal_a8,-0.47518365059173107,0
X1_1,0.6833710684750685,0
X1_2,-0.6833710684750702,0
