terms,effects,isFixed
intercept,68.5643063345733,1
CG_1,68.52502777093814,1
CG_2,82.5444664095535,1
Animal_1,1.4036984399682586,0
Animal_2,-1.3239715387491262,0
Animal_3,0.016579330672242244,0
Animal_4,-0.009777256033709384,0
Animal_5,5.8522244313083664,0
Animal_6,-3.862183400620913,0
Animal_7,-1.1570438713437177,0
Animal_8,4.433971990072451,0
Animal_9,-1.146330266774719,0
Animal_10,-3.876964130778025,0
Sire_1,2.811061346394299,0
Sire_2,-2.7205178124041747,0
