terms,effects,isFixed
Sex_Male,4.358502329431992,1
Sex_Female,3.4044301017773457,1
Animal_a1,0.09844457331944967,0
Animal_a2,-0.01877009902154314,0
Animal_a3,-0.04108420287293657,0
Animal_a4,-0.008663121604338242,0
Animal_a5,-0.18573209954823144,0
Animal_a6,0.17687208672840127,0
Animal_a7,-0.24945855434742592,0
Animal_a8,0.18261468765578792,0
