terms,effects,isFixed
Animal_a1,145.70820012569337,0.0
Animal_a2,109.98587315900214,0.0
Animal_a3,91.64928819302128,0.0
Animal_a4,196.83681722545563,0.0
Animal_a5,141.81367325190593,0.0
Animal_a6,159.3804683443998,0.0
Animal_a7,194.89624832636554,0.0
Animal_a8,231.40111211301473,0.0
