terms,effects,isFixed
intercept,1431655768.0,1
Sex_Male,-1431655761.249208,1
Sex_Female,-1431655760.8568738,1
Animal_a1,0.14799049161227895,0
Animal_a2,-0.03353735693875981,0
Animal_a3,-0.06015431471082788,0
Animal_a4,-0.007452629365746866,0
Animal_a5,-0.28267227385244187,0
Animal_a6,0.25951564842564867,0
Animal_a7,-0.3878092888034388,0
Animal_a8,0.27535279017423253,0
