terms,effects,isFixed
intercept,319.5727171478272,1
CG_1,-182.05929990951478,1
CG_2,-168.32993301820483,1
Animal_1,0.2490830175028653,0
Animal_2,-0.2712716172991333,0
Animal_3,1.0536688668518208,0
Animal_4,-1.374014626209632,0
Animal_5,9.430412767428006,0
Animal_6,-6.858076976920151,0
Animal_7,-1.8781028279379883,0
Animal_8,5.735715094264727,0
Animal_9,-1.4006830901388578,0
Animal_10,-7.144779209892081,0
Sire_1,0.5076515313578547,0
Sire_2,-0.3210044271232796,0
